[
    {
        "model": "auth.user",
        "pk": 1,
        "fields": {
          "password": "pbkdf2_sha256$150000$10yCtpQpDTEI$PwDkDJvyKpH7xSLQhOXl2yY7t3yxu59/l6eEtDT0Hm8=",
          "last_login": null,
          "is_superuser": false,
          "username": "j@j,com",
          "first_name": "Jude",
          "last_name": "Jones",
          "email": "j@j.com",
          "is_staff": false,
          "is_active": true,
          "date_joined": "2019-09-23T14:06:30.047Z",
          "groups": [],
          "user_permissions": []
        }
      },
      {
        "model": "auth.user",
        "pk": 2,
        "fields": {
          "password": "pccdf2_sha256$150000$10yCtpQpDTEI$PwDkDJvyKpH7xSLQhOXl2yY7t3yxu59/l6eEtDT0Hm8=",
          "last_login": null,
          "is_superuser": false,
          "username": "d@d.com",
          "first_name": "Dancy",
          "last_name": "Abernaty",
          "email": "d@d.com",
          "is_staff": false,
          "is_active": true,
          "date_joined": "2018-09-23T14:06:30.047Z",
          "groups": [],
          "user_permissions": []
        }
      },
      {
        "model": "auth.user",
        "pk": 3,
        "fields": {
          "password": "aakdf2_sha256$150000$10yCtpQpDTEI$PwDkDJvyKpH7xSLQhOXl2yY7t3yxu59/l6eEtDT0Hm8=",
          "last_login": null,
          "is_superuser": false,
          "username": "h@h.com",
          "first_name": "Harvy",
          "last_name": "Vance",
          "email": "h@h.com",
          "is_staff": false,
          "is_active": true,
          "date_joined": "2017-09-23T14:06:30.047Z",
          "groups": [],
          "user_permissions": []
        }
      },
      {
        "model": "auth.user",
        "pk": 4,
        "fields": {
          "password": "pbkdf2_sha256$180000$qtIwYsQtvZ03$kaUPlAMp0kDyBXUQ9VXd6+Ji9j2sLPf2sJDDxcwMKbA=",
          "last_login": null,
          "is_superuser": false,
          "username": "k@b.com",
          "first_name": "Cat",
          "last_name": "Baby",
          "email": "k@b.com",
          "is_staff": false,
          "is_active": true,
          "date_joined": "2020-05-26T20:17:49.561Z",
          "groups": [],
          "user_permissions": []
        }
      },
      {
        "model": "authtoken.token",
        "pk": 1,
        "fields": {
          "key": "1e2cc6bf80f1aa197dddb4c923f9d4eee6b4ace9",
          "created": "2020-05-28 14:21:16.911788",
          "user": 1
        }
      },
      {
        "model": "authtoken.token",
        "pk": 2,
        "fields": {
          "key": "29ca08bbb2a8876cfa94779eb0bf1f26e6f5e142",
          "created": "2020-05-28 14:21:16.911788",
          "user": 2
        }
      },
      {
        "model": "authtoken.token",
        "pk": 3,
        "fields": {
          "key": "580ab67bdf59482960eb2d8a9f224eb2bca41e6a",
          "created": "2020-05-28 14:21:16.911788",
          "user": 3
        }
      },
      {
        "model": "authtoken.token",
        "pk": 4,
        "fields": {
          "key": "62e6403ff3642d6987fa566348aebba94c626974",
          "created": "2020-05-28 14:21:16.911788",
          "user": 4
        }
      },
      {
        "model": "hiredapp.customer",
        "pk": 1,
        "fields": {
          "user": 1,
          "address": "123 Main Street",
          "phone_number": "615-342-2341",
          "zipcode": "37206"
        }
      },
      {
        "model": "hiredapp.customer",
        "pk": 2,
        "fields": {
          "user": 2,
          "address": "456 Broadway",
          "phone_number": "234-553-3983",
          "zipcode": "37027",
          "city": "Tulsa"
        }
      },
      {
        "model": "hiredapp.customer",
        "pk": 3,
        "fields": {
          "user": 3,
          "address": "789 Union Ave.",
          "phone_number": "222-232-2122",
          "zipcode": "47602",
          "city": "Nashville"
        }
      },
      {
        "model": "hiredapp.customer",
        "pk": 4,
        "fields": {
          "user": 4,
          "address": "123 Kitty Baby Blvd",
          "phone_number": "615-Babu-Cat",
          "zipcode": "56471",
          "city": "Nashville"
        }
      },
      {
        "model": "hiredapp.jobtype",
        "pk": 1,
        "fields": {
          "title": "Arts"
        }
      },
      {
        "model": "hiredapp.jobtype",
        "pk": 2,
        "fields": {
          "title": "Alchemy"
        }
      },
      {
        "model": "hiredapp.jobtype",
        "pk": 3,
        "fields": {
          "title": "Architecture"
        }
      },
      {
        "model": "hiredapp.jobtype",
        "pk": 4,
        "fields": {
          "title": "Business Consulting"
        }
      },
      {
        "model": "hiredapp.jobtype",
        "pk": 5,
        "fields": {
          "title": "Business Analysis"
        }
      },
      {
        "model": "hiredapp.jobtype",
        "pk": 6,
        "fields": {
          "title": "Business -General"
        }
      },
      {
        "model": "hiredapp.jobtype",
        "pk": 7,
        "fields": {
          "title": "Cleaning"
        }
      },
      {
        "model": "hiredapp.jobtype",
        "pk": 8,
        "fields": {
          "title": "Community Service"
        }
      },
      {
        "model": "hiredapp.jobtype",
        "pk": 9,
        "fields": {
          "title": "Computer Science"
        }
      },
      {
        "model": "hiredapp.jobtype",
        "pk": 10,
        "fields": {
          "title": "Computer Repair"
        }
      },
      {
        "model": "hiredapp.jobtype",
        "pk": 11,
        "fields": {
          "title": "Construction"
        }
      },
      {
        "model": "hiredapp.jobtype",
        "pk": 12,
        "fields": {
          "title": "Design"
        }
      },
      {
        "model": "hiredapp.jobtype",
        "pk": 13,
        "fields": {
          "title": "Education"
        }
      },
      {
        "model": "hiredapp.jobtype",
        "pk": 14,
        "fields": {
          "title": "Food and Drink Prep"
        }
      },
      {
        "model": "hiredapp.jobtype",
        "pk": 15,
        "fields": {
          "title": "Health"
        }
      },
      {
        "model": "hiredapp.jobtype",
        "pk": 16,
        "fields": {
          "title": "Legal"
        }
      },
      {
        "model": "hiredapp.jobtype",
        "pk": 17,
        "fields": {
          "title": "Managemnt"
        }
      },
      {
        "model": "hiredapp.jobtype",
        "pk": 18,
        "fields": {
          "title": "Music"
        }
      },
      {
        "model": "hiredapp.jobtype",
        "pk": 19,
        "fields": {
          "title": "Maintenance"
        }
      },
      {
        "model": "hiredapp.jobtype",
        "pk": 20,
        "fields": {
          "title": "Office Admin"
        }
      },
      {
        "model": "hiredapp.jobtype",
        "pk": 21,
        "fields": {
          "title": "Plumbing"
        }
      },
      {
        "model": "hiredapp.jobtype",
        "pk": 22,
        "fields": {
          "title": "Repair"
        }
      },
      {
        "model": "hiredapp.employeeprofile",
        "pk": 1,
        "fields": {
          "customer": 1,
          "title": "Guitarist",
          "description": "I've been playing guitar for over 200 years. One could even venture to say I am a guitar wizard! I have had experience playing with everyone. From Mozart to Jimi Hendrix. Let me teach your kids how to sell their souls to the rock n roll overlords.",
          "job_type": 18
        }
      },
      {
        "model": "hiredapp.employeeprofile",
        "pk": 2,
        "fields": {
          "customer": 1,
          "title": "Plumber",
          "description": "Hello, I have been alive for over 250 years. I know sounds crazy right? Well, it stinks for me, but its great for you! I actually invented the toilet! So, if you need any sore of repair, you can look no further!",
          "job_type": 21
        }
      },
      {
        "model": "hiredapp.employeeprofile",
        "pk": 3,
        "fields": {
          "customer": 2,
          "title": "Trainer",
          "description": "'sup I like to weight lift and be strong. I can help you do the same. Lets team up and I'll make you the buffest this side of the Mississippi.",
          "job_type": 15
        }
      },
      {
        "model": "hiredapp.employeeprofile",
        "pk": 4,
        "fields": {
          "customer": 3,
          "title": "Painter",
          "description": "Bonjour, I graduated from --INSERT COLLEGE HERE-- in --YEAR-- where i got a degree in Art. I am looking for some freelance work! Feel free to message me for some samples of what I have done!",
          "job_type": 15
        }
      },
      {
        "model": "hiredapp.employeeprofile",
        "pk": 5,
        "fields": {
          "customer": 3,
          "title": "Teacher",
          "description": "Hi! I have been teaching for almost 10 years now and just can't get enough! I love kids and really enjoy seeing their growth over the years. Reach out if you think I could make a good tutor for your youngster.",
          "job_type": 13
        }
      },
      {
        "model": "hiredapp.job",
        "pk": 1,
        "fields": {
          "start_date": "2020-06-01T00:00:00Z",
          "end_date": "2020-06-02T00:00:00Z",
          "customer": 1,
          "employee_profile": 3,
          "review": "They really helped me look my best in one session! Better than shake weight!"
        }
      },
      {
        "model": "hiredapp.job",
        "pk": 2,
        "fields": {
          "start_date": null,
          "end_date": null,
          "customer": 3,
          "employee_profile": 1,
          "review": ""
        }
      },
      {
        "model": "hiredapp.job",
        "pk": 3,
        "fields": {
          "start_date": "2019-06-01T00:00:00Z",
          "end_date": null,
          "customer": 1,
          "employee_profile": 4,
          "review": ""
        }
      },
      {
        "model": "hiredapp.job",
        "pk": 4,
        "fields": {
          "start_date": "2020-06-01T00:00:00Z",
          "end_date": "2020-07-01T00:00:00Z",
          "customer": 3,
          "employee_profile": 3,
          "review": "They really helped me look my best in one session! Better than shake weight!"
        }
      },
      {
        "model": "hiredapp.job",
        "pk": 5,
        "fields": {
          "start_date": null,
          "end_date": null,
          "customer": 1,
          "employee_profile": 5,
          "review": ""
        }
      },
      {
        "model": "hiredapp.message",
        "pk": 1,
        "fields": {
          "content": "Hey! I really enjoy your work would you want to work for me?",
          "created_at": "2020-05-28T00:00:00",
          "customer": 1,
          "job": 1,
          "receiver_customer": 2
        }
      },
      {
        "model": "hiredapp.message",
        "pk": 2,
        "fields": {
          "content": "Yes! I am free tomorrow is that fine?",
          "created_at": "2020-05-29T00:00:00",
          "customer": 2,
          "job": 1,
          "receiver_customer": 1
        }
      },
      {
        "model": "hiredapp.message",
        "pk": 3,
        "fields": {
          "content": "Sounds good!lets do 9:00am ",
          "created_at": "2020-06-01T00:00:00",
          "customer": 1,
          "job": 1,
          "receiver_customer": 2
        }
      },
      {
        "model": "hiredapp.message",
        "pk": 4,
        "fields": {
          "content": "Great, see you then",
          "created_at": "2020-06-01T00:00:01",
          "customer": 2,
          "job": 1,
          "receiver_customer": 1
        }
      },
      {
        "model": "hiredapp.message",
        "pk": 5,
        "fields": {
          "content": "Hey buddy, I need a guitar teacher.",
          "created_at": "2020-06-01T00:00:01",
          "customer": 3,
          "job": 2,
          "receiver_customer": 1
        }
      },
      {
        "model": "hiredapp.message",
        "pk": 6,
        "fields": {
          "content": "Howdy friend, I need to my bathroom redone ASAP",
          "created_at": "2020-05-01T00:00:01",
          "customer": 1,
          "job": 3,
          "receiver_customer": 3
        }
      },
      {
        "model": "hiredapp.message",
        "pk": 7,
        "fields": {
          "content": "Hello! I am a little jammed up right now, can we wait a month?",
          "created_at": "2020-05-01T00:00:03",
          "customer": 3,
          "job": 3,
          "receiver_customer": 1
        }
      },
      {
        "model": "hiredapp.message",
        "pk": 8,
        "fields": {
          "content": "yes that is fine, I will hire you for 1 month from now",
          "created_at": "2020-05-01T00:00:05",
          "customer": 1,
          "job": 3,
          "receiver_customer": 3
        }
      },
      {
        "model": "hiredapp.message",
        "pk": 9,
        "fields": {
          "content": "Help! I need to get ripped by this weekend, can you do it?",
          "created_at": "2020-05-01T00:00:05",
          "customer": 3,
          "job": 4,
          "receiver_customer": 2
        }
      },
      {
        "model": "hiredapp.message",
        "pk": 10,
        "fields": {
          "content": "Yes we start tomorrow",
          "created_at": "2020-05-01T00:00:10",
          "customer": 2,
          "job": 4,
          "receiver_customer": 3
        }
      },
      {
        "model": "hiredapp.message",
        "pk": 11,
        "fields": {
          "content": "Let's say 6 am",
          "created_at": "2020-05-01T00:00:15",
          "customer": 3,
          "job": 4,
          "receiver_customer": 2
        }
      },
      {
        "model": "hiredapp.message",
        "pk": 12,
        "fields": {
          "content": "See U Then",
          "created_at": "2020-05-01T00:00:25",
          "customer": 2,
          "job": 4,
          "receiver_customer": 3
        }
      },
      {
        "model": "hiredapp.message",
        "pk": 13,
        "fields": {
          "content": "Thanks for all the help",
          "created_at": "2020-05-07T00:00:25",
          "customer": 3,
          "job": 4,
          "receiver_customer": 2
        }
      },
      {
        "model": "hiredapp.message",
        "pk": 14,
        "fields": {
          "content": "Hey, I need som help",
          "created_at": "2020-05-07T00:00:25",
          "customer": 1,
          "job": 5,
          "receiver_customer": 3
        }
      },
      {
        "model": "hiredapp.rating",
        "pk": 1,
        "fields": {
          "number": 4,
          "employee_profile": 3,
          "customer": 1
        }
      },
      {
        "model": "hiredapp.rating",
        "pk": 2,
        "fields": {
          "number": 5,
          "employee_profile": 3,
          "customer": 4
        }
      },
      {
        "model": "hiredapp.rating",
        "pk": 3,
        "fields": {
          "number": 2,
          "employee_profile": 3,
          "customer": 2
        }
      },
      {
        "model": "hiredapp.rating",
        "pk": 4,
        "fields": {
          "number": 2,
          "employee_profile": 3,
          "customer": 2
        }
      },
      {
        "model": "hiredapp.rating",
        "pk": 5,
        "fields": {
          "number": 4,
          "employee_profile": 1,
          "customer": 2
        }
      },
      {
        "model": "hiredapp.rating",
        "pk": 6,
        "fields": {
          "number": 5,
          "employee_profile": 1,
          "customer": 4
        }
      },
      {
        "model": "hiredapp.rating",
        "pk": 7,
        "fields": {
          "number": 5,
          "employee_profile": 1,
          "customer": 3
        }
      },
      {
        "model": "hiredapp.rating",
        "pk": 8,
        "fields": {
          "number": 5,
          "employee_profile": 2,
          "customer": 3
        }
      },
      {
        "model": "hiredapp.rating",
        "pk": 9,
        "fields": {
          "number": 3,
          "employee_profile": 2,
          "customer": 4
        }
      }

]